accession,strain,segment,protein,genus,subtype,date,host,curation,genome,H,N
>AJ457946,A/Johannesburg/33/1994,6,NA,A,H3N2,1994,Human,Pass,GCAAAAGCAGGAGTGAAGATGAATCCAAATCAAAAGATAATAACAATTGGCTCTGTTTCTCTCACTATTGCCACAATATGCTTCCTTATGCAAATTGCCATCCTGGTAACTACTGTAACATTGCATTTCAAGCAATATGAGTGCAACTCCCCCCCAAACAACCAAGTAATGCTGTGTGAACCAACAATAATAGAAAGAAACATAACAGAGATAGTGTATCTGACCAACACCACCATAGAGAAAGAAATATGCCCCGAACTAGCAGAATACAGAAATTGGTCAAAGCCGCAATGTAAAATTACAGGATTTGCACCTTTTTCTAAGGACAATTCAATTCGGCTTTCCGCTGGTGGAGACATTTGGGTGACAAGAGAACCTTATGTGTCATGCGATCCTGGCAAGTGTTATCAATTTGCCCTTGGACAGGGAACAACACTAAACAACAGGCATTCAAATGACACAGTACATGATAGGACCCCTTATCGAACCCTATTGATGAATGAGTTGGGTGTTCCATTTCATTTGGGAACCAAGCAAGTGTGCATAGCATGGTCCAGCTCAAGTTGTCACGATGGAAAAGCATGGCTGCATGTTTGTGTAACTGGGCATGATGAAAATGCAACTGCTAGCTTCATTTACGATGGGAGGCTTGTAGATAGTATTGGTTCATGGTCCAAAAATATCCTCAGGACCCAGGAGTCGGAATGCGTTTGTATCAATGGAACTTGTACAGTAGTAATGACTGATGGAAGTGCTTCAGAAAGAGCTGATACTAAAATACTATTCATTGAAGAGGGGAAAATCGTTCATATTAGCCCATTGTCAGGAAGTGCTCAGCATGTCGAGGAGTGCTCCTGTTATCCTCGATATCCTGGTGTCAGATGTGTCTGCAGAGACAACTGGAAAGGCTCCAATAGGCCCATCGTAGATATAAATGTGAAAGATTATAGCATTGTTTCCAGTTATGTGTGCTCAGGACTTGTTGGAGACACACCCAGAAAAAACGACAGCTCCAGCAGTAGCTATTGCTGGAATCCTAACAATGAGAAAGGGGGTCATGGAGTGAAAGGCTGGGCCTTTGATGATGGAAATGACGTGTGGATGGGAAGAACGATCAGCGAGGAGTTACGCTCAGGTTATGAAACCTTCAAAGTCATTGGAGGCTGGTCCAAACCTAACTCCAAATTGCAGATAAATAGGCAAGTCATAGTTGACAGAGGTAATAGGTCCGGTTATTCTGGTATTTTCTCTGTTGAAGGCAAAAGCTGCATCAATCGGTGCTTTTATGTGGAGTTGATAAGGGGAAGGAAACAGGAAACTGAAGTCTGGTGGACCTCAAACAGTATTGTTGTGTTTTGTGGCACCTCAGGTACATATGGAACAGGCTCATGGCCTGATGGGGCGGACATCAATCTCATGCCTATATAAGCTTTCGCAATTTTAGAAAAAACTCCTTGTTTCTACT,H3,N2
>AJ457966,A/Moscow/10/1999,6,NA,A,H3N2,1999,Human,Pass,GCAAAAGCAGGAGTGAAAATGAATCCAAATCAAAAGATAATAACGATTGGCTCTGTTTCTCTCACCATTGCCACAATATGCTTCCTTATGCAAATTGCCATCCTGGTAACTACTGTAACATTGCATTTCAAGCAATATGAATGCAACTCCCCCCCAAACAACCAAGTGATGCTGTGTGAACCAACAATAATAGAAAGAAACATAACAGAGATAGTGTATCTGACCAACACCACCATAGAGAAGGAAATATGCCCCAAACTAGCAGAATACAGAAATTGGTCAAAGCCGCAATGTAACATTACAGGATTTGCACCTTTTTCTAAGGACAATTCGATTCGGCTTTCCGCTGGTGGGGACATCTGGGTGACAAGAGAACCTTATGTGTCATGCGATCCTGACAAGTGTTATCAATTTGCCCTTGGACAGGGAACAACACTAAACAACGGGCATTCAAATGACACAGTACATGATAGGACCCCTTATCGGACCCTATTGATGAATGAGTTGGGTGTTCCATTTCATTTGGGAACCAAGCAAGTGTGCATAGCATGGTCCAGCTCAAGTTGTCACGATGGAAAAGCATGGCTGCATGTTTGTGTAACGGGGGATGATGAAAATGCAACTGCTAGCTTCATTTACAATGGGAGGCTTGTAGATAGTATTGGTTCATGGTCCAAAAAAATCCTCAGGACCCAGGAGTCGGAATGCGTTTGTATCAATGGAACTTGTACAGTAGTAATGACTGATGGGAGTGCTTCAGGAAAAGCTGATACTAAAATACTATTCATTGAGGAGGGGAAAATCGTTCATACTAGCCCATTGTCAGGAAGTGCTCAGCATGTCGAGGAATGCTCCTGTTATCCTCGATATCCTGGTGTCAGATGTGTCTGCAGAGACAACTGGAAAGGCTCCAATAGGCCCATCGTAGATATAAATGTAAAGGATTATAGCATTGTTTCCAGTTATGTGTGCTCAGGACTTGTTGGAGACACACCCAGAAAAAACGACAGCTCCAGCAGTAGCCATTGCTTGGATCCTAACAATGAGGAAGGTGGTCATGGAGTGAAAGGCTGGGCCTTTGATGATGGAAATGACGTGTGGATGGGAAGAACGATCAGCGAGAAGTTACGCTCAGGATATGAAACCTTCAAAGTCATTGAAGGCTGGTCCAAACCCAACTCCAAATTGCAGATAAATAGGCAAGTCATAGTTGACAGAGGTAATAGGTCCGGTTATTCTGGTATTTTCTCTGTTGAAGGCAAAAGCTGCATCAATCGGTGCTTTTATGTGGAGTTGATAAGGGGAAGGAAACAGGAAACTGAAGTCTTGTGGACCTCAAACAGTATTGTTGTGTTTTGTGGCACCTCAGGTACATATGGAACAGGCTCATGGCCTGATGGGGCGGACATCAATCTCATGCCTATATAAGCTTTCGCAATTTTAGAAAAAACTCCTTGTTTCTACT,H3,N2
>AJ457937,A/Panama/2007/1999,6,NA,A,H3N2,1999,Human,Pass,GCAAAAGCAGGAGTGAAAATGAATCCAAATCAAAAGATAATAACGATTGGCTCTGTTTCTCTCACTATTGCCACAATATGCTTCCTTATGCAAATAGCCATCCTGGTAACTACTGTAACATTGCATTTCAAGCAATATGAATGCAACTCCCCCCCAAACAACCAAGTAATGCTGTGTGAACCAACAATAATAGAAAGAAACATAACAGAGATAGTGTATCTGACCAACACCACCATAGAGAAGGAAATATGCCCCAAACTAGCAGAATACAGAAATTGGTCAAAGCCGCAATGTAAAATTACAGGATTTGCACCTTTTTCTAAGGATAATTCAATTCGGCTTTCCGCTGGTGGGGACATTTGGGTGACAAGAGAACCTTATGTGTCATGCGATCCTGACAAGTGTTATCAATTTGCCCTTGGACAGGGAACAACACTAAACAACAGGCATTCAAATGACACAGTACATGATAGGACCCCTTATCGAACCCTATTGATGAATGAGTTGGGTGTTCCATTTCATTTGGGAACCAAGCAAGTGTGTATAGCATGGTCCAGCTCAAGTTGTCACGATGGAAAAGCATGGCTGCATGTTTGTGTAACTGGGCATGATGAAAATGCAACTGCTAGCTTCATTTACGATGGGAGACTTGTAGATAGTATTGGTTCATGGTCCAAAAAAATCCTCAGGACCCAGGAGTCGGAATGCGTTTGTATCAATGGAACTTGTACAGTAGTAATGACTGATGGGAGTGCTTCAGGAAGAGCTGATACTAAAATACTTTTCATTGAGGAGGGGAAAATCGTTCATACTAGCAAATTGTCAGGAAGTGCTCAGCATGTCGAGGAGTGCTCCTGTTATCCTCGATATCCTGGTGTCAGATGTGTCTGCAGAGACAACTGGAAAGGCTCCAATAGGCCCATCGTAGATATAAATGTAAAGGATTATAGCATTGTTTCCAGTTATGTGTGCTCAGGACTTGTTGGAGACACACCCAGAAAAAACGACAGCTCCAGCAGTAGCCATTGCCTGGATCCTAACAATGAAGAAGGGGGTCATGGAGTGAAAGGCTGGGCCTTTGATGATGGAAATGACGTGTGGATGGGAAGAACGATCAGCGAGAAGTCACGCTCAGGTTATGAAACCTTCAAGGTCATTGAAGGCTGGTCCAAACCTAACTCCAAATTGCAGATAAATAGGCAAGTCATAGTTGAAAGAGGTAATATGTCCGGTTATTCTGGTATTTTCTCTGTTGAAGGCAAAAGCTGCATCAATCGGTGCTTTTATGTGGAGTTGATAAGGGGAAGGAAACAGGAAACTGAAGTCTGGTGGACCTCAAACAGTATTGTTGTGTTTTGTGGCACCTCAGGTACATATGGAACAGGCTCATGGCCTGATGGGGCGGACATCAATCTCATGCCTATATAAGCTTTCGCAATTTTAGAA,H3,N2
>AJ457942,A/South_Africa/1147/1996,6,NA,A,H3N2,1996,Human,Pass,GCAAAAGCAGGAGTGAAGATGAATCCAAATCAAAAGATAATAACTATTGGCTCTGTTTCTCTCACTATTGCCACAATATGCTTCCTTATGCAAATTGCCATCCTGGTAACTACTGTAACATTGCATTTCAAGCAATATGAATGCAACTCCCCCCCAAACAACCAAGTAATGCTGTGTGAACCAACAATAATAGAAAGAAACATAACAGAGATAGTGTATCTGACCAACACCACCATAGAGAAGGAAATATGCCCCAAACTAGCAGAATACAGAAATTGGTCAAAGCCGCAATGTAAAATTACAGGATTTGCACCTTTTTCTAAGGACAATTCAATTCGGCTTTCCGCTGGTGGGGACATTTGGGTGACAAGAGAACCTTATGTGTCATGCGATCCTGACAAGTGTTATCAATTTGCCCTTGGACAGGGAACAACACTAAACAACAGGCATTCAAATGACACAGTACATGATAGGACCCCTTATCGAACCCTATTGATGAATGAGTTGGGTGTTCCATTTCATTTGGGAACCAAGCAAGTGTGCATAGCATGGTCCAGCTCAAGTTGTCACGATGGAAAAGCATGGCTGCATGTTTGTGTAACTGGGCATGATGAAAATGCAACTGCTAGCTTCATTTACGATGGGAGGCTTGTAGATAGTATTGGTTCATGGTCCAAAAAAATCCTCAGGACCCAGGAGTCGGAGTGCGTTTGTATCAATGGAACTTGTACAGTAGTAATGACTGATGGGAGTGCTTCAGGAAGAGCTGATACTAAAATACTATTCATTGAGGAGGGGAAAATCGTTCATATTAGCCCATTGTCAGGAAGTGCTCAGCATGTCGAGGAGTGCTCCTGTTATCCTCGATATCCTGGTATCAGATGTGTCTGCAGAGACAACTGGAAAGGCTCCAATAGGCCCATCGTAGATATAAATGTAAAGGATTATAGCATTGTTTCCAGTTATGTGTGCTCAGGACTTGTTGGAGACACACCCAGAAAAAACGACAGCTCCAGCAGTAGCCATTGCCTGAATCCTAACAATGAGGAAGGGGGTCATGGAGTGAAAGGCTGGGCCTTTGATGATGGAAATGACGTGTGGATGGGAAGAACGATCAGCGAGAAGTTACGCTCAGGTTATGAAACCTTCAAAGTCATTGAAGGCTGGTCCAAACCTAACTCCAAATTGCAGATAAATAGGCAAGTCATAGTTGACAGAGGTAATAGGTCCGGTTATTCTGGTATTTTCTCTGTTGAAGGCAAAAGCTGCATCAATCGGTGCTTTTATGTGGAGTTGATAAGGGGAAGGAAACAGGAAACTGAAGTCTGGTGGACCTCAAACAGTATTGTTGTGTTTTGTGGCACCTCAGGTACATATGGAACAGGCTCATGGCCTGATGGGGCGGACATCAATCTCATGCCTATATAAGCTTTCGCAATTTTAGAAAAAACTCCTTGTTTCTACT,H3,N2
>J02176,A/WSN/1933,4,HA,A,H1N1,1933,Human,Pass,AGCAAAAGCAGGGGAAAATAAAAACAACCAAAATGAAGGCAAAACTACTGGTCCTGTTATATGCATTTGTAGCTACAGATGCAGACACAATATGTATAGGCTACCATGCGAACAACTCAACCGACACTGTTGACACAATATTCGAGAAGAATGTGGCAGTGACACATTCTGTTAACCTGCTCGAAGACAGACACAACGGGAAACTATGTAAATTAAAAGGAATAGCCCCACTACAATTGGGGAAATGTAACATCACCGGATGGCTCTTGGGAAATCCAGAATGCGACTCACTGCTTCCAGCGAGATCATGGTCCTACATTGTAGAAACACCAAACTCTGAGAATGGAGCATGTTATCCAGGAGATTTCATCGACTATGAGGAACTGAGGGAGCAATTGAGCTCAGTATCATCATTAGAAAGATTCGAAATATTTCCCAAGGAAAGTTCATGGCCCAACCACACATTCAACGGAGTAACAGTATCATGCTCCCATAGGGGAAAAAGCAGTTTTTACAGAAATTTGCTATGGCTGACGAAGAAGGGGGATTCATACCCAAAGCTGACCAATTCCTATGTGAACAATAAAGGGAAAGAAGTCCTTGTACTATGGGGTGTTCATCACCCGTCCAGCAGTGATGAGCAACAGAGTCTCTATAGTAATGGAAATGCTTATGTCTCTGTAGCGTCTTCAAATTATAACAGGAGATTCACCCCGGAAATAGCTGCAAGGCCCAAAGTAAAAGATCAACATGGGAGGATGAACTATTACTGGACCTTGCTAGAACCCGGAGACACAATAATATTTGAGGCAACTGGTAATCTAATAGCACCATGGTATGCTTTCGCACTGAGTAGAGGGTTTGAGTCCGGCATCATCACCTCAAACGCGTCAATGCATGAGTGTAACACGAAGTGTCAAACACCCCAGGGATCTATAAACAGCAATCTCCCTTTCCAGAATATACACCCAGTCACAATAGGAGAGTGCCCAAAATATGTCAGGAGTACCAAATTGAGGATGGTTACAGGACTAAGAAACATCCCATCCATTCAATACAGAGGTCTATTTGGAGCCATTGCTGGTTTTATTGAGGGGGGATGGACTGGAATGATAGATGGATGGTATGGTTATCATCATCAGAATGAACAGGGATCAGGCTATGCAGCGGATCAAAAAAGCACACAGAATGCCATTAACGGGATTACAAACAAGGTGAACTCTGTTATCGAGAAAATGAACACTCAATTCACAGCTGTGGGTAAAGAATTCAACAACTTAGAAAAAAGGATGGAAAATTTAAATAAAAAAGTTGATGATGGGTTTCTGGACATTTGGACATATAATGCAGAATTGTTAGTTCTACTGGAAAATGAAAGAACTTTGGATTTCCATGACTTAAATGTGAAGAATCTGTACGAGAAAGTAAAAAGCCAATTAAAGAATAATGCCAAAGAAATCGGAAATGGGTGTTTTGAGTTCTACCACAAGTGTGACAATGAATGCATGGAAAGTGTAAGAAATGGGACTTATGATTATCCAAAATATTCAGAAGAATCAAAGTTGAACAGGGAAAAGATAGATGGAGTGAAATTGGAATCAATGGGGGTGTATCAGATTCTGGCGATCTACTCAACTGTCGCCAGTTCACTGGTGCTTTTGGTCTCCCTGGGGGCAATCAGTTTCTGGATGTGTTCTAATGGGTCTTTGCAGTGCAGAATATGCATCTGAGATTAGGATTTCAGAAATATAAGGAAAAACACCCTTGTTTCTACT,H1,N1
>CY021715,A/AA/Huston/1945,2,PB1,A,H1N1,1945,Human,Pass,AATGGATGTCAATCCGATCTTACTTTTCTTAAAAGTTCCAGCACAAAATGCTATAAGCACAACTTTCCCTTATACTGGAGACCCTCCTTACAGCCATGGGACAGGAACAGGATATACCATGGATACTGTCAACAGGACACATCAGTACTCAGAAAGGGGAAAATGGACAACAAACACCGAAACTGGAGCACCACAACTCAACCCGATTGATGGGCCACTGCCAGAAGACAATGAACCGAGTGGTTATGCCCAAACAGATTGTGTATTGGAAGCAATGGCTTTCCTTGAGGAATCCCACCCTGGTATTTTTGAAAACTCATGCATTGAAACGATGGAGGTTGTTCAGCAAACACGAGTGGACAAGCTGACACAAGGCCGACAGACCTATGACTGGACTCTAAATAGAAACCAGCCTGCCGCAACAGCATTGGCCAACACAATAGAAGTGTTCAGATCAAATGGCCTCACGGCCAATGAATCTGGAAGGCTAATAGACTTCCTTAAGGATGTAATGGAGTCAATGGACAAAGAAGAAATAGAGATCACAACTCATTTTCAGAGAAAGAGACGAGTGAGAGACAATGTGACTAAGAAGATGGTGACACAGAGAACAATAGGCAAAAGGAAGCAAAGATTGAACAAAAGGAGTTATCTAATTAGAGCATTGACCCTGAACACAATGACCAAAGATGCTGAGAGAGGGAAACTAAAACGGAGAGCAATTGCAACCCCAGGGATGCAAATAAGGGGGTTTGTATACTTTGTTGAGACACTGGCAAGAAGTATATGTGAAAAACTTGAACAATCAGGATTGCCAGTTGGAGGCAATGAGAAGAAAGCAAAGTTGGCAAATGTTGTAAGGAAGATGATGACCAATTCTCAGGACACTGAAATTTCTTTCACCATCACTGGAGATAACACCAAATGGAACGAAAATCAGAACCCTAGGATGTTTTTGGCCATGATCACATATATTACCAGAACTCAGCCCGAATGGTTCAGAAATGTTCTAAGTATTGCTCCAATAATGTTCTCAAACAAAATGGCGAGACTAGGAAAGGGGTACATGTTTGAGAGCAAGAGTATGAAACTTAGAACTCAAATACCTGCAGAAATGCTAGCAAACATCGATTTGAAGTATTTCAATGATTCAACAAGAAAGAAGATTGAAAAAATCCGGCCGCTCTTAATAGATGGGACTGCATCACTGAGCCCTGGAATGATGATGGGCATGTTCAATATGTTAAGCACTGTATTGGGCGTCTCCATTCTGAATCTTGGACAAAAGAGATACACCAAGACCACTTACTGGTGGGATGGTCTTCAATCTTCTGATGATTTTGCTCTGATTGTGAATGCACCCAACCATGAAGGAATTCAAGCAGGAGTTGACAGGTTTTATCGAACCTGTAAGCTACTCGGAATCAATATGAGCAAGAAAAAGTCTTACATAAACAGAACAGGTACATTTGAATTCACGAGCTTTTTCTATCGTTATGGGTTTGTTGCAAATTTCAGCATGGAGCTTCCCAGTTTTGGGGTGTCTGGGATCAACGAGTCTGCAGACATGAGTATTGGAGTCACTGTCATCAAAAACAATATGATAAACAATGATCTTGGTCCAGCAACAGCTCAAATGGCCCTTCAGTTGTTCATCAAAGATTACAGGTACACATATCGATGCCATAGAGGTGACACACAAATACAAACCCGAAGATCATTTGAAATAAAGAAACTGTGGGAGCAAACCCGTTCTAAAGCTGGACTGCTGGTCTCCGACGGAGGCCCAAATTTATACAACATTAGAAATCTCCACATTCCTGAAGTCTGTTTAAAATGGGAATTGATGGATGAGGATTACCAGGGGCGTTTATGCAACCCACTGAACCCATTTGTCAGTCATAAAGAGATTGAATCAGTGAACAATGCAGTAATGATGCCGGCACATGGTCCAGCCAAAAACATGGAGTATGATGCTGTTGCAACAACACACTCCTGGATCCCCAAAAGAAATCGGTCCATCTTGAATACAAGCCAAAGAGGAATACTTGAAGATGAACAAATGTATCAAAGGTGCTGCAATTTATTTGAAAAATTCTTCCCCAGCAGTTCATACAGAAGACCAGTCGGAATATCCAGTATGGTGGAGGCTATGGTTTCCAGAGCCCGAATTGATGCACGGATTGATTTCGAATCTGGAAGGATAAAGAAGGAGGAGTTCACTGAGATCATGAAGATCTGTTCCACCATTGAAGAACTCAGACGGCAAAAATAGTGAATTTA,H1,N1
>CY021710,A/AA/Huston/1945,7,M1,A,H1N1,1945,Human,Pass,GTAGATATTGAAAGATGAGTCTTCTAACCGAGGTCGAAACGTACGTTCTCTCTATCGTCCCGTCAGGCCCCCTCAAAGCCGAGATCGCACAGAGACTTGAAGATGTCTTTGCTGGGAAGAACACAGATCTTGAGGCTCTCATGGAATGGCTAAAGACAAGACCAATCCTGTCACCTCTGACTAAGGGGATTTTAGGTTTTGTGTTCACGCTCACCGTGCCCAGTGAGCGAGGACTGCAGCGTAGACGCTTCGTCCAAAATGCCCTTAATGGGAATGGGGATCCAAATAACATGGACAGAGCAGTTAAACTGTATAGGAAGCTTAAGAGGGAGATAACATTCCATGGGGCCAAAGAAATAGCACTCAGTTATTCTGCTGGTGCACTTGCCAGTTGTATGGGCCTCATATACAACAGGATGGGGGCTGTGACCACTGAAGTGGCATTTGGCCTGGTATGCGCAACCTGTGAACAGATTGCTGACTCCCAGCATCGGTCTCATAGGCAAATGGTGACAACAACCAATCCACTAATAAGACATGAGAACAGAATGGTTCTAGCCAGCACTACAGCTAAGGCTATGGAGCAAATGGCTGGATCGAGTGAGCAAGCAGCAGAGGCCATGGAGGTTGCTAGTCAGGCTAGGCAAATGGTGCAGGCGATGAGAACCATTGGGACTCATCCTAGCTCCAGTGCTGGTCTGAAAGATGATCTTCTTGAAAATTTGCAGGCCTATCAGAAACGAATGGGGGTGCAGATGCAACGATTCAAGTGATCCTCTCGTTGTTGCCGCAAATATCATTGGGATCTTGCACTTGATATTGTGGATTCTTGATCGTCTTTTTTTCAAATGCATTTATCGTCTCTTTAAACACGGTCTGAAAAGAGGGCCTTCTACGGAAGGAGTGCCAGAGTCTATGAGGGAAGAATATCGAAAGGAACAGCAGAGTGCTGTAGATGCTGACGATAGTCATTTTGTCAACATAGAGCTGGAGTAAAAAA,H1,N1
>CY021709,A/AA/Huston/1945,4,HA,A,H1N1,1945,Human,Pass,AAAATAAAAACAACCAAAATGAAGGCAAGACTACTGGTCCTGTTATGTGCACTTGCAGCTACAGATGCAGACACAATATGTATAGGCTACCATGCGAACAACTCAACCGATACTGTTGACACAGTACTCGAAAAGAATGTGACAGTGACACACTCTGTCAACCTACTCGAAGACAGCCACAACGGGAAATTATGTAGATTAAAAGGAATAGCCCCACTACAATTGAGGAAATGTAACATTGCTGGATGGATCCTGGGAAACCCAGAATGCGAATCACTGCTTTCAGAGAGATCATGGTCCTACATTGTTGAAACACCAAACTCTGAGAATGGAACATGTTACCCAGGAGATTTTACCAACTATGAGGAACTGAGGGAGCAATTGAGCTCTGTATCATCATTCGAAAGATTCGAAATATTCCCCAAGGAAAGCTCATGGCCCAAACACAACACAACCAGAGGAGTAACGGCAGCATGCTCCCATGCGGGAAAAAGCAGTTTTTACAGAAATTTGCTATGGCTGACGGAGAAGGATGGCTCATATCCGAATCTGAACAATTCCTATGTGAACAAGAAAGGGAAAGAAGTCCTTGTACTATGGGGTGTTCATCACCCGTCCAACATAAAGGATCAACAGACCCTCTATCAGAAAGAAAATGCTTATGTCTCTGTAGTGTCTTCAAACTATAACAGGAGATTCACCCCGGAAATAGCAGAAAGACCCAAAGTAAGAGGTCAAGCAGGGAGGATGAACTATTACTGGACCTTGCTAAAACCCGGAGACACAATAATGTTTGAGGCAAATGGAAATCTAATAGCGCCATGGTATGCTTTCGCACTAAGTAGAGGCTTTGGGTCAGGCATCATCACCTCAAACGCATCGATGCATGAGTGTGACACGAAGTGTCAAACACCCCAGGGAGCTATAAACAGCAGTCTCCCTTTCCAGAATATCCACCCAGTCACAATAGGAGAGTGCCCAAAATACGTCAGGAGTACCAAATTGAGGATGGTTACAGGACTACGGAACATCCCATCCATTCAATCCAGAGGTCTATTTGGAGCCATTGCCGGTTTCATTGAAGGGGGATGGACTGGAATGATAGATGGATGGTATGGTTATCATCATCAGAATGAACAGGGATCAGGCTATGCTGCGGATCAAAAAAGCACACAAAATGCCATTAACGGGATTACAAACAAGGTGAACTCTGTTATCGAGAAGATGAACACTCAATTCACTGCTGTGGGTAAAGAATTCAACAACTTAGAAAAAAGGATGGAAAACTTAAACAAAAAAGTTGATGATGGATTTCTGGACATTTGGACATATAATGCAGAATTGTTGATTCTACTGGAAAATGAAAGGACTCTGGATTTCCATGACTCAAATGTGAAGAATCTGTATGAAAAAGTTAAAAGCCAATTAAGGAATAATGCCAAAGAAATAGGAAACGGGTGTTTTGAGTTCTACCACAAGTGTAACAATGAATGCATGGAAAGTGTAAAAAATGGAACTTATGATTATCCAAAATATTCAGAAGAATCAAAGTTGAACAGGGAAAAAATAGATGGAGTGAAATTGGAATCAATGGGGGTCTATCAGATTCTGGCGATCTACTCAACTGTCGCCAGTTCACTGGTGCTTCTAGTCTCCCTGGGGGCAATCAGCTTCTGGATGTGTTCTAATGGGTCTTTGCAGTGCAGAATATGCATCTGAGATCAGAATTTCAGAAATATAAGGAAAAAAAC,H1,N1
>CY021713,A/AA/Huston/1945,8,NS1,A,H1N1,1945,Human,Pass,TGGCAAAAACATAATGGATCCCAACACTGTGTCAAGCTTTCAGGTAGATTGCTTTCTTTGGCATGTCCGCAAACGAGTTGCAGACCAAGAACTAGGTGATGCCCCATTCCTTGATCGGCTTCGCCGAGATCAGAAGTCCCTAAGAGGAAGAGGCAGCACTCTCGGTCTGAACATCGAAACAGCCACCCGTGTTGGAAAGCAGATAGTGGAGCGGATTCTGAAGGAAGAATCCGATGAGGCACTTAAAATGACCATGGCCTCTGCACTTGCTTCGCGCTACCTAACTGACATGACTATTGAGGAAATGTCAAGGGACTGGTTCATGCTCATGCCCAAGCAGAAAGTGGCAGGCCCTCTTTGTATCAGAATGGACCAGGCGATCATGGATAAGAGCATCATACTGAAAGCAAACTTCAGTGTGATTTTTGGCCGGCTGGAGACTCTGATATTACTAAGGGCTTTCACCGAAGAGGGAGCAATTGTTGGCGAAATTTCACCATTGCCTTCTCTTCCAGGACATACTAATGAGGATGTCAAAAATGCAATTGGGGTCCTCATCGGAGGACTTGAATGGAATGATAACACAGTTCGAGTCTCTAAAACTCTACAGAGATTCGCTTGGAGAAGCAGTAATGAGAATGGGAGACCTCCACTCACTCCAAAACAGAAACGGAAAATGGCGAGAACAATTAGGTCAGAAGTTTGAAGAAATAAGATGGTTGATTGAAGAAGTGAGACACAGACTGAAGATAACAGAGAACAGTTTTGAGCAAATAACGTTCATGCAAGCCTTACAGCTATTGCTTGAAGTGGAGCAAGAGATAAGAACTTTCTCGTTTCAGCTTATTTAA,H1,N1
>CY021712,A/AA/Huston/1945,5,NP,A,H1N1,1945,Human,Pass,ATAATCACTCACTGAGTGACATCAAAATCATGGCGTCCCAAGGCACCAAACGGTCTTACGAACAGATGGAGACTGATGGAGAACGCCAGAATGCCACTGAAATCAGAGCATCCGTCGGAAAAATGATTAGTGGAATTGGGCGATTCTACATCCAAATGTGCACCGAACTTAAACTCAGTGATTATGAGGGACGGCTGATCCAAAACAGCTTAACAATAGAGAGAATGGTGCTCTCTGCTTTTGACGAGAGGAGGAATAAATATCTGGAAGAACATCCCAGCGCGGGGAAAGATCCTAAGAAAACTGGAGGACCCATATACAAGAGAGTAGATGGAAAGTGGATGAGGGAACTCATCCTTTATGACAAAGAAGAAATAAGGCGAATCTGGCGCCAAGCTAATAATGGTGATGATGCAACTGCTGGTCTGACTCACATGATGATCTGGCATTCCAATTTGAATGATGCAACTTATCAGAGGACAAGAGCTCTTGTCCGCACCGGAATGGATCCCAGGATGTGCTCTCTGATGCAGGGTTCAACTCTCCCTAGGAGGTCTGGAGCCGCAGGCGCTGCAGTCAAAGGAATTGGGACAATGGTGATGGAATTGATCAGGATGATCAAACGTGGGATCAATGATCGGAACTTCTGGAGGGGTGAGAATGGACGAAAAACAAGGATTGCTTATGAGAGAATGTGCAACATTCTCAAAGGGAAATTTCAAACAGCTGCACAAAGAGCAATGATGGATCAAGTGAGGGAAAGCCGGAATCCAGGAAATGCTGAGTTCGAAGATCTCACCTTTCTGGCACGGTCTGCACTCATATTGAGAGGATCAGTTGCTCACAAGTCTTGCCTGCCTGCCTGTGTGTATGGACCTGCCGTAGCCAGTGGGTACGACTTCGAAAGAGAGGGATACTCTCTAGTTGGAATAGATCCTTTCAAACTGCTTCAAAACAGCCAAGTATACAGCCTAATCAGACCGAACGAGAATCCAGCACACAAGAGTCAGCTGGTGTGGATGGCATGCCATTCTGCTGCATTTGAAGATCTAAGAGTATCAAGCTTCATCAGAGGGACGAAAGTAATCCCAAGGGGAAAGCTTTCCACCAGAGGAGTTCAAATTGCTTCCAATGAAAACATGGAGACTATGGGATCAAGTACTCTTGAACTGAGAAGCAGGTACTGGGCCATAAGGACCAGAAGTGGAGGGAACACCAATCAACAGAGGGCTTCTGCAGGCCAAATCAGCATACAACCTACGTTTTCTGTACAGAGAAATCTCCCATTTGACAGAACAACCATCATGGCAGCATTCACTGGGAATACAGAGGGAAGAACATCTGACATGAGGACAGAAATCATAAGGATGATGGAAAGTGCAAGACCAGAAGATGTGTCCTTCCAGGGGCGGGGAGTCTTCGAGCTCTCGGACGAAAAGGCAACGAACCCGATCGTGCCCTCCTTTGACATGAGTAATGAAGGATCTTATTTCTTCGGAGACAATGCAGAGGAGTACGACAATTAAGGAAAAAT,H1,N1
>CY021716,A/AA/Huston/1945,1,PB2,A,H1N1,1945,Human,Pass,TCAATTATATTCAATATGGAAAGAATAAAAGAACTAAGGAATCTAATGTCGCAATCTCGCACTCGCGAGATACTCACAAAAACCACCGTGGACCATATGGCCATAATCAAGAAATACACATCAGGAAGACAGGAAAAGAACCCGTCACTTAGGATGAAATGGATGATGGCAATGAAATATCCAATTACAGCAGACAAAAGGATAACGGAAATGATTCCTGAGAGAAATGACCAAGGACAAACTTTATGGAGTAAAATGAATGATGCCGGATCAGACCGAGTGATGGTATCACCTCTGGCTGTGACATGGTGGAATAGAAATGGACCAATGACAAGTACAATTCATTATCCAAAAATCTACAAAACTTATTTTGAAAAAGTCGAAAGGTTAAAACATGGAACCTTTGGCCCTGTCCATTTTAGAAACCAAGTCAAAATACGCCGAAGAGTTGACATAAATCCTGGCCATGCAGACCTCAGTGCCAAGGAGGCACAGGATGTAATCATGGAAGTTGTTTTCCCAAACGAAGTGGGAGCCAGAATACTAACGTCGGAGTCGCAATTAACGATAACCAAAGAGAAGAAAGAAGAACTCAAGGATTGCAAAATTTCTCCTTTGATGGTTGCATACATGTTAGAGAGAGAACTAGTCCGCAAAACGAGATTCCTCCCAGTTGCTGGTGGAACAAGCAGTGTGTACATTGAAGTGTTGCATTTGACTCAAGGAACATGCTGGGAACAGATGTACACTCCAGGTGGAGAAGTGAGGAATGATGATATTGATCAAAGTCTAATTATTGCTGCTAGGAACATAGTGAGAAGAGCTGCTGTATCAGCAGATCCACTAGCATCTTTATTGGAGATGTGCCACAGCACACAGATTGGTGGAACAAGGATGGTGGACATTCTTAGGCAGAACCCAACAGAAGAACAAGCCGTGGATATATGCAAGGCTGCAATGGGACTGAGAATCAGCTCATCCTTCAGTTTTGGCGGATTCACATTTAAGAGAACAAGCGGATCATCAGTCAAGAGAGAGGAGGAAGTGCTTACGGGCAATCTTCAAACATTGAAGATAAGGGTGCATGAGGGATATGAAGAATTCACAATGGTTGGGAGAAGGGCAACAGCTATACTCAGAAAAGCAACCAGGAGATTGATTCAGCTGATAGTGAGTGGAAGAGACGAACAGTCAATTGCCGAAGCAATAATTGTGGCCATGGTATTTTCACAAGAAGATTGTATGATAAAAGCAGTTAGAGGTGATCTGAATTTCGTTAATAGGGCGAATCAGCGATTGAATCCTATGCATCAACTTTTAAGACATTTTCAGAAGGATGCGAAAGTGCTTTTTCAAAATTGGGGAATTGAACCTATCGACAATGTTATGGGAATGATTGGGATATTACCCGACATGACTCCAAGCACCGAGATGTCAATGAGAGGAGTGAGAGTAAGCAAAATGGGTGTAGATGAATACTCCAGCGCGGAGAGGGTAGTGGTGAGCATTGACCGTTTTTTGAGAGTCCGGGACCAACGAGGAAATGTACTACTGTCTCCCGAGGAGGTCAGTGAAACACAGGGAACAGAGAAACTGACAATAACTTACTCATCGTCAATGATGTGGGAGATCAATGGCCCTGAGTCAGTGTTGGTCAATACCTATCAGTGGATTATCAGAAACTGGGAAACTGTTAAAATTCAGTGGTCTCAGAATCCTACAATGCTATACAATAAAATGGAATTTGAGCCATTTCAGTCTTTAGTTCCTAAGGCCATTAGAGGCCAATACAGTGGGTTTGTTAGAACTCTGTTCCAACAAATGAGGGATGTGCTTGGGACATTTGACACCACTCAGATAATAAAACTTCTTCCCTTTGCAGCCGCTCCACCAAAGCAAAGTAGAATGCAGTTCTCCTCATTGACTGTGAATGTGAGGGGGTCAGGAATGAGAATACTTGTAAGGGGCAATTCTCCAGTATTCAACTACAACAAGGTCACTAAGAGACTCACAGTTCTCGGAAAGGATGCTGGCACTTTAACTGAAGACCCAGATGAAGGCACAGCTGGAGTGGAGTCCGCTGTTCTGAGGGGATTCCTCATTCTAGGCAAAGAAGACAGGAGATATGGGCCAGCATTAAGCATCAATGAACTGAGCAACCTTGCGAAAGGAGAAAAGGCTAATGTGCTAATTGGGCAAGGAGACGTGGTGTTGGTAATGAAACGAAAAAGGGACTCTAGCATACTTACTGACAGCCAGACAGCGACCAAAAGAATTCGGATGGCCATCAATTAGTGTCGAATAGTTTA,H1,N1
>CY021711,A/AA/Huston/1945,6,NA,A,H1N1,1945,Human,Pass,TTTAAAATGAATCCAAATCAGAAAATAATAACCATTGGATCAATCTGTATGGTAGTCGGAATAATTAGCCTAATATTGCAAATAGGGAATATTATCTCAATATGGATTAGCCATTCAATTCAAACTGGAAGTCAAAACCATACTGGAATATGCAACCAAAGCATCATTACCTATAAAAATAGCACCTGGGTAAATCAAACATATGTTAATATTAGCAACACTAACGTTGTTGCTGGAAAAGGCACAACTCCAGTGATATTAGCCGGCAATTCATCTCTTTGTCCTATCCGTGGGTGGGCTATATACAGCAAAGATAACGGCATAAGAATTGGTTCCAAAGGAGATGTTTTTGTCATAAGAGAGCCTTTTATTTCATGTTCTCACTTGGAATGCAGGACTTTTTTTCTGACCCAAGGCGCCCTGTTGAATGACAAGCATTCAAATGGGACCGTTAAGGACAGAAGCCCTTATAGGGCCTTGATGAGCTGCCCTGTCGGTGAAGCTCCGTCCCCGTACAATTCAAGGTTTGAATCGGTTGCTTGGTCAGCATGTGCATGTCATGATGGCATGGGCTGGCTAACAATCGGAATTTCTGGTCCAGATGATGAAGCAGTGGCTGTGTTAAAATACAACGGCATAATAACTGAAACCATAAAAAGTTGGAGGAAGAAAATATTGAGAACACAAGAGTCTGAATGTGTCTGTGTAAATGGTTCATGTTTTACTATAATGACCGACGGCCCGAGTGATGGGCCGGCCTCGTACAAAATTTTCAAGATCGAGAAGGGGAAGGTTACTAAATCAATAGAGTTGGATGCACCTAATTCTCACTACGAGGAATGTTCCTGTTACCCTGATACCGGCAAGGTGATGTGTGTGTGCAGAGACAATTGGCACGGTTCGAACCGACCATGGGTGTCTTTCGATCAAAATCTGGATTATCAAATAGGATACATCTGCAGTGGGGTTTTCGGTGACAATCCGCGTCCCAAAGATGGAAAAGGCAGCTGTGGTCCGGTGTATGTTGATGGAGCAAACGGAGTAAAGGGATTTTCATACAGGTATGGTAATGGTGTTTGGATAGGAAGGATTAAAAGTAACAGTTCCAGACAGGGGTTTGAGATGATTTGGGATCCTAATGGGTGGACAGAGACTGATAGTAGTTTCTTTGTGAAACAAGATGTAGTGGCTATGACTGATTGGTCAGGGTACAGCGGAAGTTTCGTTCAACATCCTGAGCTAACAGGGCTGGACTGTATGAGGCCTTGCTTCTGGGTTGAATTAATCAGGGGACGACCTAAAGAAAAAACAATCTGGACTAGTGGGAGCAGCATTTCTTTTTGTGGCGTGAATAGTGATACTGTAGATTGGTCTTGGCCAGACGGTGCCGAATTGCCATTCACCATTGACAAGTAGTTTGTTCAAAAAA,H1,N1
>CY021714,A/AA/Huston/1945,3,PA,A,H1N1,1945,Human,Pass,GTACTGATCCGAAATGGAAGATTTTGTGCGACAATGCTTCAATCCGATGATTGTCGAGCTTGCGGAAAAGGCAATGAAAGAGTATGGAGAGGACCTGAAAGTCGAAACAAACAAATTTGCAGCAATATGCACTCACTTGGAAGTATGCTTCATGTATTCAGATTTTCACTTCATCAATGAGCAAGGCGAGTCAATAATAGTAGAACTTGGTGATCCAAACGCACTTTTGAAGCATAGATTTGAAATAATTGAGGGAAGAGATCGCACAATGGCCTGGACAATAGTAAACAGTATTTGCAACACTACAGGGGCTGAGAAACCGAAGTTTCTACCAGATTTGTATGATTACAAGGAGAATAGATTCATCGAGATTGGAGTGACAAGGAGAGAAGTTCACATATACTATCTGGAAAAGGCCAATAAAATTAAATCTGAGAAGACACACATCCACATTTTCTCGTTCACTGGGGAAGAAATGGCCACAAAGGCCGACTACACTCTCGATGAGGAGAGCAGGGCTAGGATCAAAACCAGACTATTCACCATAAGACAAGAAATGGCTAGCAGAGGCCTCTGGGATTCCTTTCGTCAGTCCGAGAGAGGCGAAGAGACAATTGAAGAAAGATTTGAAATCACAGGAACAATGCGCAAGCTCGCCGACCAAAGTCTCCCGCCGAACTTCTCCTGCTTTGAAAATTTTAGAGCCTATGTGGATGGATTCGAACCGAACGGCTACATTGAGGGCAAGCTTTCTCAAATGTCCAAAGAAGTAAATGCTAGAATTGAACCTTTTTTGAAGACAACACCACGACCACTTAAACTTCCGGATGGGCCTCCTTGTTCTCAGCGGTCCAAATTCCTTCTGATGGATGCTTTAAAATTAAGCATTGAGGACCCAAGTCATGAAGGAGAGGGGATACCACTATATGATGCAATCAAGTGCATGAGAACATTCTTTGGATGGAAAGAACCCAATGTTGTTAAGCCACACGAAAAGGGAATAAATCCGAATTATCTGCTGTCATGGAAGCAAGTACTGGCAGAACTGCAGGACATTGAGAATGAGGAGAAGATTCCAAAGACTAAAAACATGAAGAAAACGAGTCAGCTAAAGTGGGCACTTGGTGAGAACATGGCACCAGAAAAGGTAGACTTTGACGACTGTAAAGATGTAAGCGATTTGAAGCAATATGATAGTGATGAACCAGAATTGAGGTCACTTTCAAGTTGGATCCAGAATGAGTTCAACAAGGCATGCGAGCTGACCGATTCAATCTGGATAGAGCTCGATGAGATTGGAGAAGATGTGGCTCCAATTGAACACATTGCAAGCATGAGAAGGAATTACTTCACAGCAGAAGTATCTCATTGCAGAGCCACAGAATACATAATGAAGGGGGTATACATTAATACTGCCTTGCTTAATGCATCCTGTGCAGCAATGGATGATTTCCAATTAATTCCAATGATAAGCAAATGTAGAACTAAAGAGGGAAGGCGAAAGACCAACTTGTATGGTTTCATCATAAAAGGAAGATCCCACTTAAGGAATGACACCGACGTGGTAAACTTTGTGAGCATGGAGTTTTCTCTCACTGACCCAAGACTTGAACCACACAAATGGGAGAAGTACTGTGTTCTTGAGATAGGAGATATGCTTCTAAGAAGTGCCATAGGCCAGGTGTCAAGGCCCATGTTCTTGTATGTGAGGACAAATGGAACCTCAAAAATTAAAATGAAATGGGGAATGGAGATGAGGCGTTGCCTCCTTCAGTCACTTCAACAAATCGAGAGTATGATTGAAGCCGAGTCCTCTGTCAAGGAGAAAGACATGACCAAAGAGTTTTTTGAGAATAAATCAGAAACATGGCCCATTGGAGAGTCTCCCAAAGGAGTGGAAGAAGGTTCCATTGGGAAGGTCTGCAGGACTTTATTAGCAAAATCGGTATTCAATAGCTTGTATGCATCCCCACAACTAGAAGGATTTTCAGCTGAATCAAGAAAACTGCTCCTCATCGTTCAGGCTCTTAGGGACAACCTGGAACCTGGGACCTTTGATCTTGGGGGGCTATATGAAGCAGTTGAGGAATGCCTGATTAATGATCCCTGGGTTTTGCTTAATGCTTCTTGGTTCAACTCCTTCCTCACACATGCATTAAGATAGTTGTGGCAATGCTACTATTTGCTATCCATACTGTCCAAAAAA,H1,N1
>CY020289,A/AA/Marton/1943,8,NS1,A,H1N1,1943,Human,Pass,ATAATGGATCCCAACACTGTGTCAAGCTTTCAGGTAGACTGCTTTCTTTGGCATGTCCGCAAACGAGTTGCAGACCAAAAACTAGGTGATGCCCCATTCCTTGATCGGCTTCGCCGAGATCAGAAGTCCCTAAGAGGAAGAGGCAGCACTCTTGGTCTGAACATCGAAACAGCCACCCGTGCTGGAAAGCAGATAGTGGAGCGGATTCTGAAGGAAGAATCCGATGAGGCACTTAAAATGACCATGCCCTCTGCACCTGCTTCGCGCTACCTAACTGACATGACTATTGAGGAAATGTCAAGGGACTGGTTCATGCTCATGCCCAAGCAGAAAGTGGCAGGCCCTCTTTGTATCAGAATGGACCAGGCGATCATGGATAAGAGCATCATACTGAAAGCAAACTTCAGTGTGATTCTTGACCGGCTGGAGACTCTAATATTACTAAGGGCTTTCACCGAAGAGGGAGCAATTGTTGGCGAAATTTCACCATTGCCTTCTCTTCCAGGACATACTAATGAGGATGTCAAAAATGCAATTGGGGTCCTCATCGGAGGACTTGAATGGAATGATAACACAGTTCGAGTCTCTAAAACTCTACAGAGATTCGCTTGGAGAAGCAGTAATGAGAATGGGAGACCTCCACTCACTCCAAAACAGAAACGGAAAATGGCGAGAACAATTAGGTCAGAAGTTTGAAGAAATAAGATGGTTGATTGAAGAAGTGAGACACAGACTGAAGATAACAGAGAATAGTTTTGAGCAAATAACGTTTATGCAAGCCTTACAGCTATTGCTTGAAGTGGAACAAGAGATAAGAACTTTCTCGTTTCAGCTTATTTAATGATAAAA,H1,N1
>CY020290,A/AA/Marton/1943,3,PA,A,H1N1,1943,Human,Pass,ATCCGAAATGGAAGATTTTGTGCGACAATGCTTCAATCCGATGATTGTCGAGCTTGCGGAAAAGGCAATGAAAGAGTATGGAGAGGACCTGAAAATCGAAACAAACAAATTTGCAGCAATATGCACTCACTTGGAAGTATGCTTCATGTATTCAGATTTTCACTTCATCAATGAGCAAGGCGAGTCAATAATAGTAGAACTTGGTGATCCAAACGCACTTTTGAAGCACAGATTTGAAATAATCGAGGGAAGAGATCGCACAATGGCCTGGACAGTAGTGAACAGTATTTGCAACACTACAGGGGCTGAGAAACCGAAGTTTCTACCAGATTTGTATGATTACAAGGAGAATAGATTCATCGAGATTGGAGTGACAAGGAGAGAAGTTCACATATACTATCTGGAAAAGGCCAATAAAATTAAATCTGAGAAGACACACATCCACATTTTCTCGTTCACTGGGGAAGAAATGGCCACAAAGGCCGACTACACTCTCGATGAGGAAAGCAGGGCTAGGATCAAAACCAGACTATTCACCATAAGACAAGAAATGGCTAGCAGAGGCCTCTGGGATTCCTTTCGTCAGTCCGAGAGAGGCGAAGAGACAATTGAAGAAAGATTTGAAATCACAGGAACAATGCGCAAGCTCGCCGACCAAAGTCTCCCGCCGAACTTCTCCTGCCTTGAAAATTTTAGAGCCTATGTGGATGGATTCGAGCCGAACGGCTACATTGAGGGCAAGCTTTCTCAAATGTCCAAAGAAGTAAATGCTAGAATTGAACCTTTTTTGAAGACAACACCACGACCACTTAGACTTCCGGATGGGCCTCCTTGTTCTCAGCGGTCCAAATTTCTGCTGATGGATGCTTTAAAATTAAGCATTGAGGACCCAAGTCATGAAGGAGAGGGAATACCACTATATGATGCAATCAAGTGCATGAGAACATTCTTTGGATGGAAAGAACCCAATATTGTTAAGCCACACGAAAAGGGAATAAATCCGAATTATCTGCTGTCATGGAAGCAACTACTGGCAGAACTGCAGGACATTGAGAATGAGGAGAAGATTCCAAAGACTAAAAACATGAAGAAAACGAGTCAGCTAAAGTGGGCACTTGGTGAGAACATGGCACCAGAAAAGGTAGACTTTGACGACTGTAAAGATGTAAGCGATTTGAAGCAATATGATAGTGATGAACCAGAATTGAGGTCACTTTCAAGTTGGATCCAGAATGAGTTCAACAAGGCATGCGAGCTGACCGATTCAATCTGGATAGAGCTCGATGAGATTGGAGAAGATGTGGCTCCAATTGAACACATTGCAAGCATGAGAAGGAATTATTTCACAGCAGAGGTGTCTCATTGCAGAGCCACAGAATACATAATGAAGGGGGTATACATTAATACTGCCTTGCTTAATGCATCCTGTGCAGCAATGGATGATTTCCAATTAATTCCAATGATAAGCAAATGTAGAACTAAAGAGGGAAGGCGAAAGACCAACTTGTATGGTTTCATCATAAAAGGAAGATCCCACTTGAGGAATGACACCGACGTGGTAAACTTTGTGAGCATGGAGTTTTCTCTCACTGATCCAAGACTTGAACCACACAAATGGGAGAAGTACTGTGTTCTTGAGATAGGAGATATGCTTCTAAGAAGTGCCCTCGGCCAGGTGTCAAGGCCCATGTTCTTGTATGTGAGGACAAATGGAACCTCAAAAATTAAAATGAAATGGGGAATGGAGATGAGGCGTTGCCTCCTTCAGTCACTTCAACAAATCGAGAGTATGATTGAAGCCGAGTCCTCTGTCAAGGAGAAAGACATGACCAAAGAGTTTTTTGAAAATAAATCAGAAACATGGCCCATTGGAGAGTCCCCCAAAGGAGTGGAAGAAGGTTCCATTGGGAAGGTCTGCAGGACTTTATTAGCAAAGTCGGTATTCAATAGCTTGTATGCATCTCCACAACTAGAAGGGTTTTCAGCTGAATCAAGAAAACTGCTCCTTATCGTTCAGGCTCTTAGGGACAACCTGGAACCTGGGACCTTTGATCTTGGGGGGCTATATGAAGCAGTTGAGGAGTGCCTGATTAATGATCCCTGGGTTTTGCTTAACGCTTCTTGGTTCAACTCCTTCCTCACACATGCATTAAGATAGTTGTGGCAATGCTACTATTTGCTATCCATA,H1,N1
>CY020291,A/AA/Marton/1943,2,PB1,A,H1N1,1943,Human,Pass,ATGGATGTCAATCCGACCTTACTTTTCTTAAAAGTGCCAGCACAAAATGCTATAAGCACAACTTTCCCTTATACTGGAGACCCTCCTTACAGCCATGGGACAGGAACAGGATACACCATGGATACTGTCAACAGGACACATCAGTACTCAGAAAGGGGAAGGTGGACAACAAACACCGAAACTGGAGCACCACAACTCAACCCGATTGATGGGCCACTGCCAGAAGACAATGAACCAAGTGGTTATGCCCAAACAGATTGTGTATTGGAAGCAATGGCTTTCCTTGAGGAATCCCATCCTGGTATTTTTGAAAACTCGTGTATTGAGACGATGGAGGTTGTTCAGCAAACACGAGTGGACAAACTGACACAAGGCCGACAGACCTATGACTGGACTCTAAATAGAAACCAGCCTGCTGCAACAGCATTGGCCAACACAATAGAAGTGTTCAGATCAAATGGCCTCACGGCCAATGAATCTGGAAGGCTAATAGACTTCCTTAAGGATGTAATGGAGTCAATGGACAAAGAAGAAATGGAGATCACAACTCATTTTCAGAGAAAGAGACGAGTGAGAGACAATGTGACTAAGAAAATGGTGACACAGAGAACAATAGGTAAAAGGAAGCAGAGATTGAACAAAAGAAGTTATCTAATTAGAGCATTGACCCTGAACACAATGACCAAAGATGCTGAGAGAGGGAAACTAAAACGAAGAGCAATTGCAACCCCAGGGATGCAAATAAGAGGGTTTGTATACTTTGTTGAGACACTGGCAAGAAGTATATGTGAAAAACTTGAACAATCAGGATTGCCAGTTGGAGGCAATGAGAAGAAAGCAAAGTTGGCAAATGTTGTAAGGAAGATGATGACCAATTCTCAGGACACTGAAATTTCTTTCACCATCACTGGAGATAACACCAAATGGAACGAAAATCAGAACCCTAGGATGTTTTTGGCCATGATCACATATATGACCAGAAATCAGCCCGAATGGTTCAGAAATGTTCTAAGTATTGCTCCAATAATGTTCTCAAACAAAATGGCGAGACTAGGAAAGGGGTACATGTTTGAAAGCAAGAGTATGAAACTTAGAACTCAAATACCTGCAGAAATGCTAGCAAACATCGATTTGAAGTATTTCAATGATTCAACAAGAAAGAAGATTGAAAAAATCCGACCACTCTTAATAGATGGGACTGCATCACTGAGCCCTGGAATGATGATGGGCATGTTCAATATGTTAAGCACTGTATTGGGCGTCTCCATCCTGAATCTTGGACAAAAGAGATACACCAAGACTACTTACTGGTGGGATGGTCTTCAATCTTCTGATGATTTTGCCCTGATTGTGAATGCACCCAATCATGAAGGAATTCAAGCCGGAGTTGACAGGTTTTATCGAACCTGTAAACTACTCGGAATCAATATGAGCAAGAAGAAGTCTTACATAAACAGAACAGGTACATTTGAATTCACGAGCTTTTTCTATCGTTATGGGTTTGTTGCCAATTTCAGCATGGAGCTTCCCAGTTTTGGGGTGTCTGGAATCAACGAGTCTGCAGACATGAGTATTGGAGTCACTGTCATCAAAAACAATATGATAAACAATGATCTTGGTCCAGCAACAGCTCAAATGGCCCTTCAGTTGTTCATCAAAGATTACAGGTACACGTATCGATGCCATAGAGGTGACACACAAATACAAACCCGAAGATCATTTGAAATAAAGAAACTGTGGGAGCAAACCCGTTCAAAAGCTGGACTGCTGGTCTCCGACGGAGGCCCAAATTTATTCAACATTAGAAATCTCCACATTCCTGAAGTCTGCTTGAAATGGGAATTGATGGATGAAGATTACCAGGGGCGTTTATGCAACCCACTGAACCCATTTGTCAGTCATAAAGAGATTGAATCAGTGAACAATGCAGTGATGATGCCTGCACATGGTCCAGCCAAAAACATGGAGTATGATGCTGTTGCAACAACACACTCCTGGATCCCCAAAAGAAATCGGTCCATCTTGAACACGAGTCAGAGAGGAATACTTGAAGATGAACAAATGTATCAAAGGTGCTGCAATTTATTTGAAAAATTCTTCCCCAGCAGTTCATACAGAAGACCAGTCGGAATATCCAGTATGGTGGAGGCTATGGTTTCCAGAGCCCGAATTGATGCACGGATTGATTTCGAATCAGGAAGGATAAAGAAAGAGGAGTTCACTGAGATCATGAAGATCTGTTCCACCATTGAAGAACTCAGACGGCAAAAATAGTGAATTTAACTTGT,H1,N1
>CY020288,A/AA/Marton/1943,5,NP,A,H1N1,1943,Human,Pass,TCACTCACTGAGTGACATCAAAATCATGGCGTCCCAAGGCACCAAACGGTCTTACGAACAGATGGAGACTGATGGAGAACGCCAGAATGCCACTGAAATCAGAGCATCCGTCGGAAAAATGATTGGTGGAATTGGACGATTCTACATCCAAATGTGCACCGAACTTAAACTCAGTGATTACGAGGGACGGCTGATCCAGAACAGCTTAACAATAGAGAGAATGGTGCTCTCTGCTTTTGACGAAAGGAGGAATAAATATCTGGAAGAACATCCCAGCGCGGGGAAAGATCCTAAGAAAACTGGAGGACCCATATACAAGAGAGTAGATAGAAAGTGGATGAGGGAACTCATCCTTTATGACAAAGAAGAAATAAGGCGAATCTGGCGCCAAGCTAATAATGGTGATGATGCAACGGCTGGTCTGACTCACATGATGATCTGGCATTCCAATTTGAATGATGCAACTTATCAGAGGACAAGAGCTCTTGTCCGCACCGGAATGGATCCCAGGATGTGCTCTCTGATGCAGGGTTCAACTCTCCCTAGGAGGTCTGGAGCCGCAGGCGCTGCAGTCAAAGGAGTTGGGACAATGGTGATGGAATTGATCAGGATGATCAAACGTGGGATAAATGATCGGAATTTCTGGAGGGGTGAGAATGGACGAAAAACAAGGATTGCTTATGAGAGAATGTGCAACATTCTCAAAGGGAAATTTCAAACAGCAGCACAAAGAGCAATGATGGATCAAGTGAGAGAAAGCCGGAATCCAGGAAATGCTGAGTTCGAAGATCTCACCTTTCTAGCACGGTCTGCACTCATATTGAGAGGGTCAGTTGCTCACAAGTCTTGCCTGCCTGCCTGTGTGTATGGACCTGCCGTAGCCAGTGGGTACGACTTCGAAAGAGAGGGATACTCTCTAGTGGGAATAGACCCTTTCAAATTGCTTCAAAACAGCCAAGTATACAGCCTAATCAGACCGAATGAGAATCCAGCACACAAGAGTCAGCTGGTGTGGATGGCATGCCATTCTGCTGCATTTGAAGATCTAAGAGTATCAAGCTTCATTAGAGGGACGAGAGTAGTCCCAAGGGGGAAGCTTTCCACTAGAGGAGTTCAAATTGCTTCCAATGAAAACATGGAGACTATGGAATCAAGTACTCTTGAACTGAGAAGCAGGTACTGGGCCATAAGGACCAGAAGTGGAGGAAACACCAATCAACAGAGGGCTTCTGCAGGCCAAATAAGCATACAGCCTACGTTTTCTGTACAGAGAAATCTCCCATTTGACAGAACAACCATCATGGCAGCATTCACTGGGAATACAGAGGGAAGAACATCTGACATGAGGACAGAAATCATAAGGATGATGGAAAGTGCAAGACCAGAAGATGTGTCCTTCCAGGGGCGGGGAGTCTTCGAGCTCTCGGACGAAAAGGCAGCGAACCCGATCGTGCCCTCCTTTGACATGAGTAATGAAGGATCTTATTTCTTCGGAGACAATGCAGAGGAGTACGACAATTAAGGAAAAAT,H1,N1
>CY020292,A/AA/Marton/1943,1,PB2,A,H1N1,1943,Human,Pass,TCAATTATATTCAATATGGAAAGAATAAAAGAACTAAGGAATCTAATGTCGCAGTCTCGCACTCGCGAGATACTCACAAAAACCACCGTGGACCATATGGCCATAATCAAGAAGTACACATCAGGAAGACAGGAGAAGAACCCGTCACTTAGGATGAAATGGATGATGGCAATGAAATATCCAATTACAGCAGACAAGAGGATAACGGAAATGATTCCTGAGAGAAATGAGCAAGGACAAACTCTATGGAGTAAAATGAATGATGCCGGATCAGACCGAGTGATGGTATCACCTCTGGCTGTGACATGGTGGAATAGAAATGGACCAATGACAAGCACAGTTCATTATCCAAAAATCTACAAAACTTATTTTGAAAAGGTCGAAAGGTTAAAACATGGAACCTTTGGCCCTGTCCATTTTAGAAACCAAGTCAAAATACGCCGAAGAGTTGACATAAATCCTGGCCATGCAGACCTCAGTGCCAAGGAGGCACAGGATGTAATCATGGAAGTTGTTTTCCCTAACGAAGTGGGAGCCAGAATACTAACGTCGGAATCGCAATTAACGATAACCAAAGAGAAGAAAGAAGAACTCCAGGATTGCAAAATTTCTCCTTTGATGGTTGCATACATGTTAGAGAGAGAGCTGGTCCGCAAAACGAGATTCCTCCCAGTTGCTGGTGGAACAAGCAGTGTGTACATTGAAGTGTTGCATTTGACTCAAGGAACATGCTGGGAACAGATGTATACCCCAGGTGGAGAAGTGAGGAATGATGATGTTGATCAAAGCCTAATTATTGCTGCTAGGAACATAGTGAGAAGAGCTGCAGTGTCAGCAGATCCACTAGCATCTTTATTGGAGATGTGCCACAGCACACAGATTGGTGGGACAAGGATGGTGGACATCCTTAGGCAGAACCCAACAGAAGAGCAAGCCGTGGATATATGCAAGGCTGCAATGGGACTGAGAATCAGCTCATCCTTCAGTTTTGGCGGATTCACATTTAAGAGAACAAGCGGATCATCAGTCAAGAGAGAGGAAGAAGTGCTTACGGGCAATCTTCAAACACTGAAGATAAGGGTGCATGAGGGATATGAAGAGTTCACAATGGTTGGGAGAAGGGCAACAGCTATACTCAGAAAAGCAACCAGGAGATTGATTCAGCTGATAGTGAGTGGAAAAGACGAACAATCGATTGCCGAAGCAATAATTGTGGCCATGGTATTTTCGCAAGAAGATTGTATGATAAAAGCTGTTAGAGGTGATCTGAATTTCGTTAATAGGGCGAATCAGCGATTGAATCCTATGCATCAACTTTTAAGACATTTTCAGAAGGATGCGAAAGTGCTTTTTCAAAATTGGGGAATTGAACCTATCGACAATGTGATGGGAATGATTGGGATATTACCCGACATGACTCCAAGCACCGAGGTGTCAATGAGAGGAGTGAGAGTCAGCAAAATGGGTGTAGATGAATACTCCAACGCGGAGAGGGTAGTGGTGAGCATTGACCGTTTTTTGAGAGTCCGGGACCAACGAGGAAATGTACTACTGTCTCCTGAGGAGGTCAGTGAAACACAGGGAACAGAGAAACTGACAATAACTTACTCATCGTCAATGATGTGGGAGATCAATGGCCCTGAGTCAGTGTTGGTCAATACCTATCAGTGGATCATCAGAAACTGGGAAACTGTTAAAATTCAGTGGTCTCAGAATCCTACAATGCTATACAATAAAATGGAATTTGAGCCATTTCAGTCTTTAGTTCCTAAGGCCATTAGAGGCCAATACAGTGGATTTGTTAGAACTCTGTTCCAACAAATGAGGGATGTGCTTGGGACATTTGACACCACTCAGATAATAAAACTTCTTCCCTTTGCAGCTGCTCCACCAAAGCAAAGTAGAATGCAGTTCTCCTCATTGACTGTAAATGTGAGGGGATCAGGAATGAGAATACTTGTAAGAGGCAATTCTCCAGTATTCAACTACAACAAGGCCACTAAGAGACTCACAGTTCTCGGAAAGGATGCTGGCACCTTAACTGAAGACCCAGATGAAGGCACATCTGGAGTGGAGTCCGCTGTTCTGAGGGGATTCCTCATTCTGGGCAAAGAAGACAGGAGATATGGACCAGCATTAAGCATCAATGAACTGAGCAACCTTGCGAAAGGAGAAAAGGCTAATGTGCTAATTGGGCAAGGAGACGTGGTGTTGGTAATGAAACGAAAACGGGACTCTAGCATACTTACTGACAGCCAGACAGCGACCAAAAGAATTCGGATGGCCATCAATTAGTATCG,H1,N1
>CY020287,A/AA/Marton/1943,6,NA,A,H1N1,1943,Human,Pass,ATGAATCCAAATCAGAAAATAATAACCATTGGATCAATCTGTATGGTAGTCGGAATAATTAGCCTAATATTGCAAATAGGGAATATTATCTCAATATGGATCAGCCATTCAATTCAAACTGGAAGTCAAAACCATACTGGAACTTGCAACCAAAGCATCATTACATATAAAAATAGCACCTGGGTAAATCAAACATATGTTAATATTAGCAACACTAACGTTGTTGCTGGAAAGGATACAACTTCAGTGATATTAGCCGGCAATTCATCTCTTTGTCCTATCCGTGGGTGGGCTATATACAGCAAAGATAATGGCGTAAGAATTGGTTCCAAAGGAGATGTTTTTGTCATAAGAGAACCCTTTATTTCATGTTCTCACTTGGAATGCAGGACCTTTTTTCTGACCCAAGGCGCCCTGTTGAATGACAAGCATTCAAATGGGACCGTTAAGGACAGAAGCCCTTATAGGGCCTTAATGAGCTGCCCTGTCGGTGAAGCTCCGTCCCCGTACAATTCAAGGTTTGAATCGGTTGCTTGGTCAGCAAGTGCATGTCATGATGGCATGGGCTGGCTAACAATCGGAATTTCTGGTCCAGATGATGGAGCAGTGGCTGTGTTAAAATACAACGGTATAATAACTGAAACCATAAAAAGTTGGAGGAAGGAAATATTGAGAACACAAGAGTCTGAATGTGCCTGCGTAAATGGTTCATGTTTCACTATAATGACCGACGGCCCGAGTGGTGGGCCGGCCTCGTACAAAATTTTCAAGATCGAGAAGGGGAAGGTTACTAAATCAATAGAATTGGATGCACCTAATTCTCACTATGAGGAATGTTCCTGTTACCCTGATACCGGCAAGGTGATGTGTGTGTGCAGAGACAATTGGCACGGTTCGAACCGACCATGGGTGTCTTTCGATCAAAATCTGGATTATCAAATGGGATACATCTGCAGTGGGGTTTTCGGTGACAATCCGCGTCCCAAAGATGGAAAAGGCAACTGTGGTCCAGTGTATGTTGATGGAGCAAACGGAGTAAAGGGATTTTCATACAGGTATGGTAATGGTGTTTGGATAGGAAGGACTAAAAGTAACAGTTCCAGACAGGGGTTTGAGATGATTTGGGATCCCAATGGGTGGACAGAGACTGATAGTAATTTCTTTGTGAAACAAGATGTAGTGGCAGTGACTGATTGGTCAGGGTACAGCGGAAGTTTCGTTCAACATCCTGAGTTAACAGGGCTGGACTGTATGAGGCCTTGCTTCTGGGTTGAATTAATCAGGGGACGGCCTAAAGAAAAAACAATCTGGACCAGTGGGAGCAGCATTTCTTTTTGTGGCGTGAATAGTGATACTGTAGATTGGTCTTGGCCAGACGGTGCCGAGTTGCCATTCACCATTGACAAGTAG,H1,N1
>CY020285,A/AA/Marton/1943,4,HA,A,H1N1,1943,Human,Pass,AACAACCAAAATGAAAGCAAGACTACTGGTCCTGTTATGTGCACTTGCAGCTACAGATGCAGACACAATATGTATAGGCTACCATGCAAACAACTCAACCGACACTGTTGACACAGTACTCGAAAAGAATGTGACAGTGACACACTCTGTCAACCTACTCGAAGACAGCCACAACGGGAAATTATGTAGATTAAAAGGAATAGCCCCACTACAATTGGGGAAATGTAACATTGCCGGATGGATCTTGGGAAACCCAGAATGCGAATCACTGCTTTCAGAGAGATCATGGTCCTACATTGTAGAAACACCAAACTCTGAAAATGGAACATGTTACCCAGGAGATTTCATCGACTATGAGGAACTGAGGGAGCAATTGAGCTCAGTATCATCATTCGAAAGATTCGAAATATTCTCCAAGGAAAGCTCATGGCCCAAACACAACACAACCAGAGGAGTAACGGCAGCATGCTCCCATGCGGGAAAAAGTAGTTTTTACAGAAATTTGCTATGGCTGACGGAGAAGGATGGCTCATACCCGAATCTGAACAATTCCTATGTGAACAAGAAAGGGAAAGAAGTCCTTGTACTATGGGGTGTTCATCACCCGTCTAACATAAAGGATCAACAGACCCTCTATCAGAAAGAAAATGCTTATGTCTCTGTAGTGTCTTCAAACTATAACAGGAGATTCACCCCGGAAATAGCAGAAAGACCCAAAGTAAGAGGTCAAGCAGGGAGGATGAACTATTACTGGACCTTGCTAAAACCCGGAGACACAATAATGTTTGAGGCAAATGGAAATCTAATAGCGCCATGGTATGCTTTCGCACTAAGTAGAGGCTTTGGGTCAGGCATCATCACCTCAAACGCATCGATGCATGAGTGTGACACGAAGTGTCAAACACCCCAGGGAGCTATAAACAGCAGTCTCCCTTTCCAGAATATACACCCAGTCACAATAGGAGAGTGCCCAAAATACGTCAGGAGTACCAAATTGAGGATGGTTACAGGACTAAGGAACATCCCATCCATTCAATCCAGAGGTCTATTTGGAGCCATTGCCGGTTTCATTGAAGGGGGATGGACTGGAATGATAGATGGATGGTATGGTTATCATCATCAGAATGAACAGGGATCAGGCTATGCTGCGGATCAAAAAAGCACACAAAATGCCATTAACGGGATTACAAACAAGGTGAACTCTGTTATCGAGAAAATGAACACTCAATTCACAGCTGTGGGTAAAGAATTCAACAACTTAGAAAAAAGGATGGAAAACTTAAACAAAAAAGTTGATGATGGATTTCTGGACATTTGGACATATAATGCAGAATTGTTGGTTCTACTGGAAAATGAAAGGACTCTGGATTTCCATGACTCAAATGTGAAGAATCTGTATGAAAAAGTAAAAAACCAATTAAGGAATAATGCCAAAGAAATAGGAAACGGATGTTTTGAGTTCTACCACAAGTGTAACAATGAATGCATGGAAAGTGTAAAAAATGGAACTTATGATTATCCAAAATATTCAGAAGAATCAAAGTTGAACAGGGAAAAAATAGATGGAGTGAAATTGGAATCAATGGGGGTCTATCAGATTCTGGCGATCTACTCAACTGTCGCCAGTTCACTGGTGCTTCTGGTCTCCCTGGGGGCAATCAGCTTCTGGATGTGTTCTAATGGGTCTTTGCAGTGCAGAATATGCATCTGAGATCAGAATTTCAGAAACATAAGGAAAAAA,H1,N1
